{"iteration": 0, "iter_time": 2.872283697128296, "data_time": 1.0743966102600098, "lr": 0.0, "wd": 0.03999999999999998, "mom": 0.992, "last_layer_lr": 0.0, "current_batch_size": 2.0, "total_loss": 13.702509880065918, "dino_local_crops_loss": 9.175213813781738, "dino_global_crops_loss": 1.146912693977356, "koleo_loss": 0.60791015625, "ibot_loss": 2.7724733352661133}
{"iteration": 10, "iter_time": 0.408331036567688, "data_time": 0.09779607504606247, "lr": 0.0, "wd": 0.040000001421223064, "mom": 0.9920000000315827, "last_layer_lr": 0.0, "current_batch_size": 2.0, "total_loss": 14.094625473022461, "dino_local_crops_loss": 9.521167755126953, "dino_global_crops_loss": 1.190148949623108, "koleo_loss": 0.60302734375, "ibot_loss": 2.7934231758117676}
{"iteration": 20, "iter_time": 0.16772380471229553, "data_time": 0.00013891459093429148, "lr": 0.0, "wd": 0.04000000568489204, "mom": 0.9920000001263309, "last_layer_lr": 0.0, "current_batch_size": 2.0, "total_loss": 14.341269493103027, "dino_local_crops_loss": 9.729166030883789, "dino_global_crops_loss": 1.2161693572998047, "koleo_loss": 0.603515625, "ibot_loss": 2.800513982772827}
{"iteration": 30, "iter_time": 0.17329855263233185, "data_time": 0.00016010999388527125, "lr": 0.0, "wd": 0.04000002273956804, "mom": 0.9920000005053238, "last_layer_lr": 0.0, "current_batch_size": 2.0, "total_loss": 14.590291976928711, "dino_local_crops_loss": 9.925946235656738, "dino_global_crops_loss": 1.2407654523849487, "koleo_loss": 0.60498046875, "ibot_loss": 2.8100266456604004}
{"iteration": 40, "iter_time": 0.17319649457931519, "data_time": 0.0001662850409047678, "lr": 0.0, "wd": 0.04000005116402677, "mom": 0.9920000011369784, "last_layer_lr": 0.0, "current_batch_size": 2.0, "total_loss": 14.65713119506836, "dino_local_crops_loss": 9.994813919067383, "dino_global_crops_loss": 1.2493596076965332, "koleo_loss": 0.6044921875, "ibot_loss": 2.812945604324341}
{"iteration": 50, "iter_time": 0.17278695106506348, "data_time": 0.0001446127862436697, "lr": 0.0, "wd": 0.04000009095826651, "mom": 0.9920000020212948, "last_layer_lr": 0.0, "current_batch_size": 2.0, "total_loss": 14.683207511901855, "dino_local_crops_loss": 10.01884937286377, "dino_global_crops_loss": 1.2523642778396606, "koleo_loss": 0.60400390625, "ibot_loss": 2.8149495124816895}
{"iteration": 60, "iter_time": 0.1724860519170761, "data_time": 0.00014975070371292531, "lr": 0.0, "wd": 0.04000014212228464, "mom": 0.992000003158273, "last_layer_lr": 0.0, "current_batch_size": 2.0, "total_loss": 14.69676399230957, "dino_local_crops_loss": 10.027179718017578, "dino_global_crops_loss": 1.253417730331421, "koleo_loss": 0.60302734375, "ibot_loss": 2.8139007091522217}
